source_string,translated_string,context
Activated,Aktiviert,
Activity Status,Aktivitätsstatus,
Affiliate App ID,Affiliate-App-ID,
Affiliate App ID is missing in SumUp Settings.,Die Affiliate-App-ID fehlt in den SumUp-Einstellungen.,
Affiliate Key,Affiliate-Schlüssel,
Affiliate Key is missing in SumUp Settings.,Der Affiliate-Schlüssel fehlt in den SumUp-Einstellungen.,
API Code,API-Code,
API Key,API-Schlüssel,
API code is required.,API-Code ist erforderlich.,
API code must be 8-9 alphanumeric characters.,API-Code muss 8-9 alphanumerische Zeichen haben.,
body {0},Body {0},
Connection Status,Verbindungsstatus,
Connection successful.,Verbindung erfolgreich.,
"Connection successful. Merchant code: {0}","Verbindung erfolgreich. Händlercode: {0}",
Debugging,Debugging,
Enable Debugging,Debugging aktivieren,
Enable detailed error output for troubleshooting. Only for advanced users.,Detaillierte Fehlermeldungen zur Fehleranalyse aktivieren. Nur für fortgeschrittene Nutzer.,
Enabled,Aktiviert,
Expired,Abgelaufen,
Validate Merchant Code,Haendlercode pruefen,
Validating merchant code...,Haendlercode wird geprueft...,
Idle,Bereit,
Location,Standort,
Merchant Code,Händlercode,
Merchant code is missing in SumUp Settings.,Händlercode fehlt in den SumUp-Einstellungen.,
Merchant code is required in SumUp Settings.,Haendlercode ist in den SumUp-Einstellungen erforderlich.,
Merchant code not found in SumUp response.,Händlercode in der SumUp-Antwort nicht gefunden.,
Merchant code updated.,Händlercode aktualisiert.,
Merchant code validated.,Haendlercode geprueft.,
No terminals found.,Keine Terminals gefunden.,
Notes,Notizen,
Offline,Offline,
Online,Online,
Online Status,Online-Status,
Paired,Gekoppelt,
Pair,Koppeln,
Pair SumUp Terminal,SumUp-Terminal koppeln,
Pair Terminal,Terminal koppeln,
Pairing terminal...,Terminal wird gekoppelt...,
Processing,In Bearbeitung,
Reader ID not found in SumUp response.,Reader-ID in der SumUp-Antwort nicht gefunden.,
Refresh Status,Status aktualisieren,
Remove from SumUp,Aus SumUp entfernen,
Remove {0} terminal(s) from SumUp and delete locally?,{0} Terminal(s) von SumUp entfernen und lokal löschen?,
Removing terminals...,Terminals werden entfernt...,
Removed {0} terminal(s).,{0} Terminal(s) entfernt.,
"Removed {0} terminal(s), {1} failed.","{0} Terminal(s) entfernt, {1} fehlgeschlagen.",
Select at least one terminal.,Bitte mindestens ein Terminal auswählen.,
Select terminals to remove.,Bitte Terminals zum Entfernen auswählen.,
Selecting Tip,Trinkgeld wählen,
Shown on the terminal under Connections > API > Connect (8-9 letters/numbers).,Wird am Terminal unter Verbindungen > API > Verbinden angezeigt (8-9 Buchstaben/Zahlen).,
Status Update,Statusaktualisierung,
Status updated.,Status aktualisiert.,
status {0},Status {0},
SumUp API error: {0},SumUp-API-Fehler: {0},
SumUp API error: {0}{1},SumUp-API-Fehler: {0}{1},
SumUp API key is missing in SumUp Settings.,Der SumUp-API-Schlüssel fehlt in den SumUp-Einstellungen.,
SumUp client does not expose a merchants endpoint.,Der SumUp-Client stellt keinen Endpunkt fuer Haendler bereit.,
SumUp is disabled in settings.,SumUp ist in den Einstellungen deaktiviert.,
SumUp is disabled or missing credentials.,SumUp ist deaktiviert oder Anmeldedaten fehlen.,
SumUp Settings,SumUp-Einstellungen,
SumUp Terminal,SumUp-Terminal,
SumUp terminal status update failed,SumUp-Terminal-Statusaktualisierung fehlgeschlagen,
Terminal already exists.,Terminal existiert bereits.,
Terminal ID,Terminal-ID,
Terminal is required.,Terminal ist erforderlich.,
Terminal Name,Terminalname,
Terminal name is required.,Terminalname ist erforderlich.,
Terminal not found.,Terminal nicht gefunden.,
Terminal paired.,Terminal gekoppelt.,
Terminal paired and saved.,Terminal gekoppelt und gespeichert.,
Test Connection,Verbindung testen,
Testing connection...,Verbindung wird getestet...,
Unknown,Unbekannt,
Updated {0} terminal(s).,{0} Terminal(s) aktualisiert.,
"Updated {0} terminal(s), {1} failed.","{0} Terminal(s) aktualisiert, {1} fehlgeschlagen.",
Updating Firmware,Firmware wird aktualisiert,
Updating terminal status...,Terminalstatus wird aktualisiert...,
Waiting For Card,Warten auf Karte,
Waiting For Pin,Warten auf PIN,
Waiting For Signature,Warten auf Unterschrift,
SumUp Terminal is required when a payment method uses SumUp.,SumUp-Terminal ist erforderlich, wenn eine Zahlungsmethode SumUp verwendet.,
SumUp Terminal {0} does not exist.,SumUp-Terminal {0} existiert nicht.,
SumUp Terminal {0} is disabled.,SumUp-Terminal {0} ist deaktiviert.,
Use SumUp Terminal,SumUp-Terminal verwenden,
Merchant Currency,H?ndlerw?hrung,
SumUp merchant currency is missing. Please run Test Connection in SumUp Settings.,SumUp-H?ndlerw?hrung fehlt. Bitte Verbindungstest in den SumUp-Einstellungen ausf?hren.,
POS currency {0} does not match SumUp merchant currency {1}.,POS-W?hrung {0} stimmt nicht mit der SumUp-H?ndlerw?hrung {1} ?berein.,
Merchant code already set. Clear it to fetch again.,H?ndlercode ist bereits gesetzt. Zum erneuten Abruf bitte Feld leeren.,
Cannot remove terminal {0} because it is linked to POS Profile(s): {1}.,Terminal {0} kann nicht entfernt werden, da es mit POS-Profil(en) verkn?pft ist: {1}.,
Force Remove (Local Only),Lokal erzwingen entfernen,
Remove {0} terminal(s) locally only? This does not remove the terminal in SumUp.,{0} Terminal(s) nur lokal entfernen? Dies entfernt das Terminal nicht bei SumUp.,
Removing terminals locally...,Terminals werden lokal entfernt...,
Removed {0} terminal(s) locally.,{0} Terminal(s) lokal entfernt.,
Removed {0} terminal(s) locally, {1} failed.,{0} Terminal(s) lokal entfernt, {1} fehlgeschlagen.,
Merchant Code Used,Verwendeter H?ndlercode,
Merchant Code Override,Haendlercode-Ueberschreibung,
Optional: use a different merchant code for this pairing only.,Optional: fuer diese Kopplung einen anderen Haendlercode verwenden.,
Merchant code override is only available when debugging is enabled.,Haendlercode-Ueberschreibung ist nur bei aktiviertem Debugging verfuegbar.,
SumUp Status,SumUp-Status,
SumUp Client Transaction ID,SumUp-Client-Transaktions-ID,
SumUp Transaction ID,SumUp-Transaktions-ID,
SumUp Amount,SumUp-Betrag,
SumUp Currency,SumUp-Waehrung,
SumUp Refund Status,SumUp-Erstattungsstatus,
SumUp Refund Amount,SumUp-Erstattungsbetrag,
SumUp Payment,SumUp-Zahlung,
Starting SumUp payment...,SumUp-Zahlung wird gestartet...,
Waiting for card confirmation...,Warten auf Kartenbestaetigung...,
Payment confirmed.,Zahlung bestaetigt.,
Cancel Payment,Zahlung abbrechen,
SumUp payment must cover the full invoice amount.,SumUp-Zahlung muss den gesamten Rechnungsbetrag abdecken.,
Only one SumUp payment method can be used.,Es kann nur eine SumUp-Zahlungsart verwendet werden.,
No SumUp payment selected.,Keine SumUp-Zahlung ausgewaehlt.,
SumUp payment already completed.,SumUp-Zahlung ist bereits abgeschlossen.,
SumUp payment already in progress.,SumUp-Zahlung laeuft bereits.,
SumUp payment is not completed. Please finish payment before submitting.,SumUp-Zahlung ist nicht abgeschlossen. Bitte Zahlung vor dem Bestaetigen abschliessen.,
SumUp payment is missing a transaction id.,SumUp-Zahlung hat keine Transaktions-ID.,
SumUp payment cancelled.,SumUp-Zahlung abgebrochen.,
SumUp payment started.,SumUp-Zahlung gestartet.,
SumUp payment is not configured for this POS Profile.,SumUp-Zahlung ist fuer dieses POS-Profil nicht konfiguriert.,
Terminal ID is missing for SumUp Terminal {0}.,Terminal-ID fehlt fuer SumUp-Terminal {0}.,
POS Invoice must be in Draft state.,POS-Rechnung muss im Entwurf sein.,
SumUp payment amount {0} does not match invoice total {1}.,SumUp-Betrag {0} stimmt nicht mit dem Rechnungsbetrag {1} ueberein.,
SumUp payment currency {0} does not match invoice currency {1}.,SumUp-Waehrung {0} stimmt nicht mit der Rechnungswaehrung {1} ueberein.,
Unable to start SumUp payment.,SumUp-Zahlung konnte nicht gestartet werden.,
Unable to fetch SumUp payment status.,SumUp-Zahlungsstatus konnte nicht abgerufen werden.,
SumUp payment failed.,SumUp-Zahlung fehlgeschlagen.,
Unable to cancel SumUp payment.,SumUp-Zahlung konnte nicht abgebrochen werden.,
POS Profile is required.,POS-Profil ist erforderlich.,
Client transaction id not found in SumUp response.,Client-Transaktions-ID in SumUp-Antwort nicht gefunden.,
SumUp payment is not completed for the original invoice.,SumUp-Zahlung fuer die Originalrechnung ist nicht abgeschlossen.,
SumUp refund currency {0} does not match original currency {1}.,SumUp-Erstattungswaehrung {0} stimmt nicht mit der Originalwaehrung {1} ueberein.,
SumUp refund amount exceeds the original payment amount.,SumUp-Erstattungsbetrag uebersteigt den Originalzahlungsbetrag.,
SumUp refund failed,SumUp-Erstattung fehlgeschlagen,
SumUp Refund,SumUp-Erstattung,
Refund Amount,Erstattungsbetrag,
"Yes, refund","Ja, erstatten",
This amount will be refunded via SumUp immediately.,Dieser Betrag wird sofort ueber SumUp erstattet.,
Return Against,Rueckgabe gegen,
Cancel,Abbrechen,
SumUp refund failed. You can retry the refund manually.,SumUp-Erstattung fehlgeschlagen. Bitte manuell erneut ausloesen.,
Unable to validate SumUp refund details.,SumUp-Erstattungsdetails konnten nicht geprueft werden.,
This return will automatically refund {0} {1} via SumUp. Continue?,Diese Rueckgabe erstattet automatisch {0} {1} ueber SumUp. Fortfahren?,
Refund retries are only available for return invoices.,Erstattungswiederholungen sind nur fuer Rueckgaben verfuegbar.,
Refund retries are only available for submitted returns.,Erstattungswiederholungen sind nur fuer eingereichte Rueckgaben verfuegbar.,
Refund can only be retried when status is FAILED.,Erstattung kann nur erneut versucht werden, wenn der Status FAILED ist.,
Refund amount must be greater than zero.,Erstattungsbetrag muss groesser als null sein.,
SumUp refund retry completed with status: {0}.,SumUp-Erstattung erneut versucht mit Status: {0}.,
Retry SumUp Refund,SumUp-Erstattung erneut versuchen,
Retry the SumUp refund for this return?,SumUp-Erstattung fuer diese Rueckgabe erneut versuchen?,
Retrying SumUp refund...,SumUp-Erstattung wird erneut versucht...,
SumUp refund retry completed.,SumUp-Erstattung erneut versucht.,
Recovery Mode,Recovery-Modus,
Enable Recovery Mode,Recovery-Modus aktivieren,
Enable recovery mode to sync readers from SumUp into local terminals.,Recovery-Modus aktivieren, um SumUp-Reader in lokale Terminals zu synchronisieren.,
Recovery mode is disabled in SumUp Settings.,Recovery-Modus ist in den SumUp-Einstellungen deaktiviert.,
Recovery Sync,Recovery-Sync,
Recovery completed.,Recovery abgeschlossen.,
Fetch readers from SumUp and sync local terminals?,Reader von SumUp abrufen und lokale Terminals synchronisieren?,
Syncing terminals...,Terminals werden synchronisiert...,
No readers found in SumUp.,Keine Reader bei SumUp gefunden.,
No valid readers found in SumUp response.,Keine gueltigen Reader in der SumUp-Antwort gefunden.,
Reader ID missing in SumUp response.,Reader-ID fehlt in der SumUp-Antwort.,
Recovered {0} terminal(s), updated {1}, skipped {2}, failed {3}.,{0} Terminal(s) wiederhergestellt, {1} aktualisiert, {2} uebersprungen, {3} fehlgeschlagen.,
SumUp SDK does not support transaction lookup. Please update the sumup package.,SumUp-SDK unterstuetzt keine Transaktionsabfrage. Bitte das sumup-Paket aktualisieren.,
SumUp API error: client transport not available.,SumUp-API-Fehler: Client-Transport nicht verfuegbar.,
